date,pm25_concentration_ug_per_m3
2016-10-06,22.0
2016-10-07,23.5
2016-10-08,18.7
2016-10-09,19.8
2016-10-10,22.3
2016-10-11,18.6
2016-10-12,21.2
2016-10-13,24.0
2016-10-14,23.4
2016-10-15,21.3
2016-10-16,22.7
2016-10-17,18.0
2016-10-18,18.5
2016-10-19,18.0
2016-10-20,22.4
2016-10-21,25.9
2016-10-22,30.0
2016-10-23,24.2
2016-10-24,24.4
2016-10-25,28.1
2016-10-26,33.1
2016-10-27,58.6
2016-10-28,31.1
2016-10-29,41.4
2016-10-30,43.1
2016-10-31,70.8
2016-11-01,79.2
2016-11-02,100.5
2016-11-03,106.7
2016-11-04,89.9
2016-11-05,60.3
2016-11-06,44.5
2016-11-07,38.6
2016-11-08,36.3
2016-11-09,29.7
2016-11-10,28.7
2016-11-11,32.8
2016-11-12,43.0
2016-11-13,62.8
2016-11-14,67.4
2016-11-15,60.8
2016-11-16,80.3
2016-11-17,78.5
2016-11-18,106.7
2016-11-19,60.0
2016-11-20,15.2
2016-11-21,27.4
2016-11-22,63.1
2016-11-23,67.6
2016-11-24,81.5
2016-11-25,101.8
2016-11-26,84.3
2016-11-27,94.6
2016-11-28,85.3
2016-11-29,24.1
2016-11-30,38.3
2016-12-01,69.5
2016-12-02,76.6
2016-12-03,95.1
2016-12-04,103.3
2016-12-05,88.9
2016-12-06,114.9
2016-12-07,109.1
2016-12-08,91.5
2016-12-09,27.9
2016-12-10,30.0
2016-12-11,60.0
2016-12-12,47.6
2016-12-13,47.4
2016-12-14,63.2
2016-12-15,63.0
2016-12-16,83.1
2016-12-17,61.1
2016-12-18,65.1
2016-12-19,58.0
2016-12-20,71.3
2016-12-21,60.1
2016-12-22,67.2
2016-12-23,52.6
2016-12-24,51.8
2016-12-25,32.3
2016-12-26,49.5
2016-12-27,53.9
2016-12-28,48.1
2016-12-29,47.2
2016-12-30,36.0
2016-12-31,110.9
2017-01-01,134.1
2017-01-02,122.7
2017-01-03,157.1
2017-01-04,183.0
2017-01-05,125.5
2017-01-06,140.5
2017-01-07,104.3
2017-01-08,74.3
2017-01-09,74.4
2017-01-10,81.8
2017-01-11,98.4
2017-01-12,102.1
2017-01-13,48.1
2017-01-14,69.8
2017-01-15,56.0
2017-01-16,75.3
2017-01-17,68.3
2017-01-18,86.5
2017-01-19,54.2
2017-01-20,64.3
2017-01-21,59.4
2017-01-22,71.5
2017-01-23,72.7
2017-01-24,76.1
2017-01-25,66.7
2017-01-26,55.6
2017-01-27,73.9
2017-01-28,81.9
2017-01-29,74.8
2017-01-30,73.1
2017-01-31,63.1
2017-02-01,88.2
2017-02-02,76.3
2017-02-03,88.8
2017-02-04,28.3
2017-02-05,33.3
2017-02-06,52.3
2017-02-07,52.0
2017-02-08,68.3
2017-02-09,57.7
2017-02-10,44.3
2017-02-11,60.5
2017-02-12,65.6
2017-02-13,55.1
2017-02-14,59.1
2017-02-15,63.9
2017-02-16,99.2
2017-02-17,92.1
2017-02-18,102.1
2017-02-19,71.5
2017-02-20,44.5
2017-02-21,25.2
2017-02-22,36.0
2017-02-23,68.9
2017-02-24,71.9
2017-02-25,54.7
2017-02-26,59.5
2017-02-27,32.1
2017-02-28,29.4
2017-03-01,20.6
2017-03-02,44.9
2017-03-03,47.3
2017-03-04,27.4
2017-03-05,21.7
2017-03-06,26.3
2017-03-07,25.0
2017-03-08,24.5
2017-03-09,20.5
2017-03-10,33.5
2017-03-11,50.2
2017-03-12,36.2
2017-03-13,38.2
2017-03-14,22.0
2017-03-15,53.2
2017-03-16,45.5
2017-03-17,18.6
2017-03-18,19.6
2017-03-19,33.7
2017-03-20,55.9
2017-03-21,28.3
2017-03-22,14.1
2017-03-23,14.2
2017-03-24,27.7
2017-03-25,24.9
2017-03-26,23.0
2017-03-27,23.4
2017-03-28,21.0
2017-03-29,20.8
2017-03-30,24.6
2017-03-31,19.7
2017-04-01,23.4
2017-04-02,24.7
2017-04-03,24.0
2017-04-04,24.8
2017-04-05,25.5
2017-04-06,58.3
2017-04-07,52.2
2017-04-08,27.5
2017-04-09,30.7
2017-04-10,31.8
2017-04-11,27.0
2017-04-12,24.6
2017-04-13,21.1
2017-04-14,15.3
2017-04-15,17.1
2017-04-16,16.2
2017-04-17,24.0
2017-04-18,26.6
2017-04-19,23.7
2017-04-20,31.4
2017-04-21,26.6
2017-04-22,18.6
2017-04-23,23.4
2017-04-24,21.8
2017-04-25,21.3
2017-04-26,21.8
2017-04-27,20.4
2017-04-28,20.9
2017-04-29,30.6
2017-04-30,21.3
2017-05-01,20.6
2017-05-02,15.9
2017-05-03,16.4
2017-05-04,16.6
2017-05-05,16.3
2017-05-06,16.4
2017-05-07,15.5
2017-05-08,17.2
2017-05-09,21.3
2017-05-10,21.0
2017-05-11,21.4
2017-05-12,19.3
2017-05-13,18.0
2017-05-14,16.2
2017-05-15,15.6
2017-05-16,15.2
2017-05-17,15.0
2017-05-18,13.6
2017-05-19,14.8
2017-05-20,17.3
2017-05-21,14.3
2017-05-22,14.1
2017-05-23,17.7
2017-05-24,15.5
2017-05-25,15.2
2017-05-26,20.7
2017-05-27,26.4
2017-05-28,26.4
2017-05-29,30.6
2017-05-30,30.8
2017-05-31,36.7
2017-06-01,38.7
2017-06-02,42.5
2017-06-03,42.6
2017-06-04,21.6
2017-06-05,19.7
2017-06-06,19.6
2017-06-07,14.4
2017-06-08,15.9
2017-06-09,14.1
2017-06-10,15.1
2017-06-11,13.8
2017-06-12,19.8
2017-06-13,24.0
2017-06-14,23.8
2017-06-15,21.5
2017-06-16,23.6
2017-06-17,23.5
2017-06-18,19.3
2017-06-19,21.7
2017-06-20,24.3
2017-06-21,26.1
2017-06-22,30.7
2017-06-23,31.3
2017-06-24,31.4
2017-06-25,30.2
2017-06-26,29.6
2017-06-27,25.9
2017-06-28,22.8
2017-06-29,20.2
2017-06-30,23.7
2017-07-01,25.8
2017-07-02,25.7
2017-07-03,25.5
2017-07-04,25.7
2017-07-05,24.1
2017-07-06,24.1
2017-07-07,22.5
2017-07-08,20.6
2017-07-09,18.7
2017-07-10,19.4
2017-07-11,24.6
2017-07-12,22.1
2017-07-13,21.0
2017-07-14,19.8
2017-07-15,22.9
2017-07-16,20.1
2017-07-17,22.1
2017-07-18,22.3
2017-07-19,20.8
2017-07-20,24.6
2017-07-21,22.0
2017-07-22,27.1
2017-07-23,23.7
2017-07-24,24.0
2017-07-25,27.7
2017-07-26,24.5
2017-07-27,22.1
2017-07-28,20.4
2017-07-29,22.5
2017-07-30,20.2
2017-07-31,22.4
2017-08-01,22.9
2017-08-02,20.2
2017-08-03,19.5
2017-08-04,23.0
2017-08-05,28.1
2017-08-06,20.9
2017-08-07,19.6
2017-08-08,20.1
2017-08-09,18.9
2017-08-10,17.4
2017-08-11,16.8
2017-08-12,17.1
2017-08-13,15.0
2017-08-14,13.3
2017-08-15,13.4
2017-08-16,13.6
2017-08-17,15.0
2017-08-18,16.9
2017-08-19,15.6
2017-08-20,20.3
2017-08-21,22.8
2017-08-22,21.6
2017-08-23,14.5
2017-08-24,14.1
2017-08-25,15.1
2017-08-26,16.7
2017-08-27,15.6
2017-08-28,19.1
2017-08-29,27.3
2017-08-30,37.2
2017-08-31,22.1
2017-09-01,32.8
2017-09-02,24.5
2017-09-03,21.4
2017-09-04,18.8
2017-09-05,17.2
2017-09-06,17.4
2017-09-07,17.9
2017-09-08,18.3
2017-09-09,16.0
2017-09-10,15.2
2017-09-11,16.4
2017-09-12,18.1
2017-09-13,17.4
2017-09-14,16.6
2017-09-15,19.3
2017-09-16,17.1
2017-09-17,17.5
2017-09-18,16.6
2017-09-19,18.0
2017-09-20,17.5
2017-09-21,16.4
2017-09-22,16.3
2017-09-23,16.8
2017-09-24,14.8
2017-09-25,13.8
2017-09-26,15.1
2017-09-27,15.1
2017-09-28,14.8
2017-09-29,14.9
2017-09-30,17.0
2017-10-01,16.7
2017-10-02,18.5
2017-10-03,18.5
2017-10-04,16.0
2017-10-05,17.8
2017-10-06,27.4
2017-10-07,26.5
2017-10-08,14.0
2017-10-09,25.0
2017-10-10,48.0
2017-10-11,54.1
2017-10-12,57.8
2017-10-13,29.5
2017-10-14,27.3
2017-10-15,38.7
2017-10-16,39.3
2017-10-17,49.4
2017-10-18,37.8
2017-10-19,37.5
2017-10-20,33.8
2017-10-21,34.3
2017-10-22,35.4
2017-10-23,24.9
2017-10-24,26.7
2017-10-25,27.7
2017-10-26,22.4
2017-10-27,18.8
2017-10-28,37.0
2017-10-29,29.5
2017-10-30,58.3
2017-10-31,46.7
2017-11-01,33.8
2017-11-02,35.5
2017-11-03,31.9
2017-11-04,62.1
2017-11-05,90.7
2017-11-06,141.9
2017-11-07,69.1
2017-11-08,27.6
2017-11-09,38.9
2017-11-10,68.2
2017-11-11,97.1
2017-11-12,102.3
2017-11-13,43.8
2017-11-14,39.5
2017-11-15,55.8
2017-11-16,75.7
2017-11-17,57.0
2017-11-18,51.0
2017-11-19,43.2
2017-11-20,43.8
2017-11-21,52.8
2017-11-22,73.2
2017-11-23,89.1
2017-11-24,68.3
2017-11-25,69.4
2017-11-26,97.0
2017-11-27,61.0
2017-11-28,22.8
2017-11-29,49.3
2017-11-30,79.4
2017-12-01,89.8
2017-12-02,105.1
2017-12-03,86.6
2017-12-04,52.3
2017-12-05,54.2
2017-12-06,69.3
2017-12-07,69.1
2017-12-08,60.9
2017-12-09,82.4
2017-12-10,105.9
2017-12-11,48.8
2017-12-12,57.7
2017-12-13,63.5
2017-12-14,60.6
2017-12-15,59.9
2017-12-16,57.6
2017-12-17,56.6
2017-12-18,36.8
2017-12-19,39.6
2017-12-20,43.6
2017-12-21,49.3
2017-12-22,44.8
2017-12-23,65.7
2017-12-24,71.8
2017-12-25,74.5
2017-12-26,82.6
2017-12-27,113.2
2017-12-28,96.9
2017-12-29,64.2
2017-12-30,64.2
2017-12-31,69.9
2018-01-01,77.3
2018-01-02,71.2
2018-01-03,77.6
2018-01-04,45.7
2018-01-05,90.0
2018-01-06,124.9
2018-01-07,145.8
2018-01-08,113.4
2018-01-09,87.7
2018-01-10,71.3
2018-01-11,74.4
2018-01-12,79.3
2018-01-13,113.2
2018-01-14,98.5
2018-01-15,112.5
2018-01-16,102.3
2018-01-17,58.6
2018-01-18,105.3
2018-01-19,89.5
2018-01-20,95.1
2018-01-21,88.8
2018-01-22,56.3
2018-01-23,76.3
2018-01-24,74.4
2018-01-25,49.5
2018-01-26,74.7
2018-01-27,75.7
2018-01-28,63.6
2018-01-29,67.9
2018-01-30,66.2
2018-01-31,82.1
2018-02-01,39.9
2018-02-02,69.4
2018-02-03,63.0
2018-02-04,39.4
2018-02-05,45.9
2018-02-06,67.6
2018-02-07,45.3
2018-02-08,50.7
2018-02-09,46.0
2018-02-10,36.0
2018-02-11,41.4
2018-02-12,49.3
2018-02-13,57.1
2018-02-14,54.9
2018-02-15,98.2
2018-02-16,75.0
2018-02-17,55.7
2018-02-18,62.9
2018-02-19,76.6
2018-02-20,72.2
2018-02-21,60.8
2018-02-22,54.9
2018-02-23,42.2
2018-02-24,47.5
2018-02-25,55.7
2018-02-26,66.7
2018-02-27,106.4
2018-02-28,79.1
2018-03-01,57.3
2018-03-02,46.8
2018-03-03,44.1
2018-03-04,27.6
2018-03-05,52.9
2018-03-06,61.1
2018-03-07,76.7
2018-03-08,62.3
2018-03-09,71.0
2018-03-10,49.9
2018-03-11,30.3
2018-03-12,36.8
2018-03-13,28.5
2018-03-14,32.8
2018-03-15,38.2
2018-03-16,36.7
2018-03-17,36.3
2018-03-18,27.7
2018-03-19,26.2
2018-03-20,26.7
2018-03-21,35.7
2018-03-22,56.0
2018-03-23,29.2
2018-03-24,36.0
2018-03-25,56.0
2018-03-26,50.8
2018-03-27,31.5
2018-03-28,49.9
2018-03-29,72.2
2018-03-30,51.0
2018-03-31,43.7
2018-04-01,44.1
2018-04-02,41.9
2018-04-03,53.7
2018-04-04,54.2
2018-04-05,62.8
2018-04-06,67.0
2018-04-07,63.2
2018-04-08,60.3
2018-04-09,65.5
2018-04-10,82.7
2018-04-11,62.9
2018-04-12,82.2
2018-04-13,64.8
2018-04-14,62.9
2018-04-15,50.4
2018-04-16,48.6
2018-04-17,54.3
2018-04-18,51.7
2018-04-19,43.6
2018-04-20,49.1
2018-04-21,54.4
2018-04-22,78.6
2018-04-23,60.6
2018-04-24,40.4
2018-04-25,30.8
2018-04-26,36.0
2018-04-27,38.7
2018-04-28,41.0
2018-04-29,38.8
2018-04-30,37.5
2018-05-01,33.6
2018-05-02,33.1
2018-05-03,84.0
2018-05-04,49.2
2018-05-05,41.3
2018-05-06,46.1
2018-05-07,42.9
2018-05-08,43.8
2018-05-09,36.5
2018-05-10,36.4
2018-05-11,28.6
2018-05-12,27.1
2018-05-13,23.6
2018-05-14,25.8
2018-05-15,28.0
2018-05-16,29.7
2018-05-17,39.1
2018-05-18,34.0
2018-05-19,56.2
2018-05-20,50.9
2018-05-21,51.0
2018-05-22,44.9
2018-05-23,40.7
2018-05-24,27.8
2018-05-25,34.2
2018-05-26,31.6
2018-05-27,33.1
2018-05-28,33.2
2018-05-29,64.4
2018-05-30,92.9
2018-05-31,49.1
2018-06-01,42.2
2018-06-02,35.3
2018-06-03,32.6
2018-06-04,30.7
2018-06-05,26.8
2018-06-06,28.7
2018-06-07,34.0
2018-06-08,38.4
2018-06-09,60.0
2018-06-10,53.1
2018-06-11,50.1
2018-06-12,46.1
2018-06-13,54.7
2018-06-14,47.1
2018-06-15,56.4
2018-06-16,48.7
2018-06-17,46.3
2018-06-18,47.8
2018-06-19,46.3
2018-06-20,40.6
2018-06-21,42.9
2018-06-22,41.2
2018-06-23,37.9
2018-06-24,35.7
2018-06-25,36.0
2018-06-26,45.5
2018-06-27,60.0
2018-06-28,43.1
2018-06-29,51.9
2018-06-30,36.8
2018-07-01,33.5
2018-07-02,37.0
2018-07-03,33.1
2018-07-04,37.8
2018-07-05,39.6
2018-07-06,39.6
2018-07-07,32.5
2018-07-08,34.9
2018-07-09,41.1
2018-07-10,39.0
2018-07-11,36.8
2018-07-12,42.2
2018-07-13,40.3
2018-07-14,41.5
2018-07-15,45.7
2018-07-16,45.4
2018-07-17,41.2
2018-07-18,45.0
2018-07-19,46.7
2018-07-20,44.9
2018-07-21,44.0
2018-07-22,43.0
2018-07-23,48.2
2018-07-24,48.8
2018-07-25,44.8
2018-07-26,46.3
2018-07-27,45.3
2018-07-28,41.8
2018-07-29,42.4
2018-07-30,47.2
2018-07-31,67.3
2018-08-01,76.6
2018-08-02,75.1
2018-08-03,56.5
2018-08-04,49.5
2018-08-05,43.5
2018-08-06,39.1
2018-08-07,34.9
2018-08-08,32.8
2018-08-09,34.4
2018-08-10,31.2
2018-08-11,25.3
2018-08-12,28.3
2018-08-13,41.9
2018-08-14,34.8
2018-08-15,40.2
2018-08-16,38.6
2018-08-17,38.5
2018-08-18,35.6
2018-08-19,33.0
2018-08-20,32.0
2018-08-21,32.2
2018-08-22,23.9
2018-08-23,19.8
2018-08-24,28.0
2018-08-25,30.7
2018-08-26,32.0
2018-08-27,32.6
2018-08-28,38.0
2018-08-29,38.8
2018-08-30,29.9
2018-08-31,25.8
2018-09-01,29.2
2018-09-02,28.2
2018-09-03,31.2
2018-09-04,33.2
2018-09-05,19.6
2018-09-06,20.9
2018-09-07,19.6
2018-09-08,21.8
2018-09-09,20.8
2018-09-10,19.8
2018-09-11,18.6
2018-09-12,17.5
2018-09-13,20.0
2018-09-14,23.1
2018-09-15,23.0
2018-09-16,20.9
2018-09-17,24.6
2018-09-18,22.2
2018-09-19,17.1
2018-09-20,12.6
2018-09-21,10.6
2018-09-22,34.7
2018-09-23,26.6
2018-09-24,28.7
2018-09-25,25.0
2018-09-26,23.4
2018-09-27,23.6
2018-09-28,26.5
2018-09-29,25.1
2018-09-30,24.8
2018-10-01,22.8
2018-10-02,23.0
2018-10-03,26.5
2018-10-04,43.4
2018-10-05,41.3
2018-10-06,77.0
2018-10-07,42.6
2018-10-08,31.6
2018-10-09,66.1
2018-10-10,80.5
2018-10-11,73.1
2018-10-12,77.8
2018-10-13,86.6
2018-10-14,29.6
2018-10-15,36.4
2018-10-16,34.2
2018-10-17,33.6
2018-10-18,40.5
2018-10-19,43.7
2018-10-20,59.7
2018-10-21,64.2
2018-10-22,38.0
2018-10-23,24.7
2018-10-24,26.8
2018-10-25,34.3
2018-10-26,42.1
2018-10-27,49.3
2018-10-28,43.9
2018-10-29,32.7
2018-10-30,43.2
2018-10-31,66.9
2018-11-01,77.4
2018-11-02,49.4
2018-11-03,40.0
2018-11-04,39.4
2018-11-05,38.4
2018-11-06,36.8
2018-11-07,45.6
2018-11-08,30.0
2018-11-09,29.4
2018-11-10,31.7
2018-11-11,23.3
2018-11-12,24.4
2018-11-13,23.0
2018-11-14,139.8
2018-11-15,81.6
2018-11-16,70.4
2018-11-17,39.4
2018-11-18,30.1
2018-11-19,46.9
2018-11-20,75.7
2018-11-21,62.4
2018-11-22,55.8
2018-11-23,54.5
2018-11-24,47.7
2018-11-25,31.5
2018-11-26,40.8
2018-11-27,46.4
2018-11-28,57.3
2018-11-29,65.0
2018-11-30,61.3
2018-12-01,70.5
2018-12-02,37.1
2018-12-03,51.2
2018-12-04,51.0
2018-12-05,46.1
2018-12-06,28.5
2018-12-07,32.3
2018-12-08,34.5
2018-12-09,27.2
2018-12-10,15.9
2018-12-11,51.6
2018-12-12,59.0
2018-12-13,41.9
2018-12-14,35.6
2018-12-15,38.1
2018-12-16,35.8
2018-12-17,33.5
2018-12-18,41.3
2018-12-19,45.9
2018-12-20,55.4
2018-12-21,71.3
2018-12-22,87.2
2018-12-23,80.5
2018-12-24,67.7
2018-12-25,76.9
2018-12-26,71.1
2018-12-27,41.6
2018-12-28,45.2
2018-12-29,41.4
2018-12-30,47.2
2018-12-31,70.0
2019-01-01,58.3
2019-01-02,55.0
2019-01-03,72.7
2019-01-04,74.3
2019-01-05,60.6
2019-01-06,59.7
2019-01-07,48.0
2019-01-08,52.6
2019-01-09,72.2
2019-01-10,65.2
2019-01-11,51.0
2019-01-12,57.5
2019-01-13,50.8
2019-01-14,57.0
2019-01-15,43.9
2019-01-16,34.1
2019-01-17,50.3
2019-01-18,63.9
2019-01-19,65.3
2019-01-20,72.5
2019-01-21,46.6
2019-01-22,33.2
2019-01-23,40.7
2019-01-24,32.8
2019-01-25,46.5
2019-01-26,32.2
2019-01-27,35.7
2019-01-28,39.1
2019-01-29,42.6
2019-01-30,26.1
2019-01-31,22.0
2019-02-01,25.4
2019-02-02,18.3
2019-02-03,21.3
2019-02-04,25.8
2019-02-05,32.4
2019-02-06,15.5
2019-02-07,45.6
2019-02-08,26.7
2019-02-09,20.7
2019-02-10,35.5
2019-02-11,21.3
2019-02-12,23.1
2019-02-13,28.9
2019-02-14,38.6
2019-02-15,20.9
2019-02-16,24.2
2019-02-17,18.8
2019-02-18,5.7
2019-02-19,11.5
2019-02-20,24.7
2019-02-21,16.0
2019-02-22,27.0
2019-02-23,22.1
2019-02-24,16.7
2019-02-25,20.4
2019-02-26,27.7
2019-02-27,25.2
2019-02-28,28.6
2019-03-01,19.7
2019-03-02,16.5
2019-03-03,24.3
2019-03-04,27.1
2019-03-05,17.1
2019-03-06,13.0
2019-03-07,15.3
2019-03-08,15.3
2019-03-09,27.8
2019-03-10,27.2
2019-03-11,13.7
2019-03-12,17.5
2019-03-13,18.1
2019-03-14,18.6
2019-03-15,24.1
2019-03-16,21.1
2019-03-17,27.3
2019-03-18,25.7
2019-03-19,13.5
2019-03-20,12.0
2019-03-21,17.0
2019-03-22,16.4
2019-03-23,11.4
2019-03-24,19.6
2019-03-25,29.2
2019-03-26,24.2
2019-03-27,16.5
2019-03-28,20.0
2019-03-29,19.9
2019-03-30,38.7
2019-03-31,34.4
2019-04-01,30.1
2019-04-02,28.4
2019-04-03,31.3
2019-04-04,39.4
2019-04-05,30.6
2019-04-06,37.7
2019-04-07,31.4
2019-04-08,28.6
2019-04-09,25.5
2019-04-10,23.8
2019-04-11,22.5
2019-04-12,8.4
2019-04-13,3.0
2019-04-14,5.6
2019-04-15,7.6
2019-04-16,3.3
2019-04-17,4.6
2019-04-18,3.7
2019-04-19,3.2
2019-04-20,2.2
2019-04-21,1.3
2019-04-22,1.7
2019-04-23,1.6
2019-04-24,1.4
2019-04-25,1.6
2019-04-26,1.7
2019-04-27,2.3
2019-04-28,1.9
2019-04-29,2.8
2019-04-30,10.4
2019-05-01,5.1
2019-05-02,5.3
2019-05-03,13.3
2019-05-04,15.7
2019-05-05,14.0
2019-05-06,10.1
2019-05-07,10.0
2019-05-08,9.9
2019-05-09,10.1
2019-05-10,11.0
2019-05-11,12.0
2019-05-12,11.3
2019-05-13,11.3
2019-05-14,9.2
2019-05-15,8.2
2019-05-16,8.7
2019-05-17,13.0
2019-05-18,11.1
2019-05-19,7.4
2019-05-20,8.7
2019-05-21,10.9
2019-05-22,6.7
2019-05-23,13.6
2019-05-24,15.6
2019-05-25,19.0
2019-05-26,18.8
2019-05-27,14.0
2019-05-28,11.7
2019-05-29,10.7
2019-05-30,11.9
2019-05-31,14.2
2019-06-01,11.7
2019-06-02,10.6
2019-06-03,11.6
2019-06-04,16.1
2019-06-05,16.0
2019-06-06,13.0
2019-06-07,11.3
2019-06-08,7.8
2019-06-09,8.1
2019-06-10,9.1
2019-06-11,10.7
2019-06-12,16.6
2019-06-13,19.9
2019-06-14,14.0
2019-06-15,11.4
2019-06-16,11.1
2019-06-17,9.3
2019-06-18,12.0
2019-06-19,12.9
2019-06-20,11.1
2019-06-21,13.0
2019-06-22,16.6
2019-06-23,15.9
2019-06-24,15.8
2019-06-25,12.0
2019-06-26,9.2
2019-06-27,9.3
2019-06-28,11.3
2019-06-29,11.4
2019-06-30,11.7
2019-07-01,11.4
2019-07-02,11.2
2019-07-03,11.2
2019-07-04,12.9
2019-07-05,13.4
2019-07-06,13.6
2019-07-07,13.8
2019-07-08,14.2
2019-07-09,14.7
2019-07-10,12.7
2019-07-11,13.6
2019-07-12,14.7
2019-07-13,15.2
2019-07-14,12.2
2019-07-15,13.3
2019-07-16,12.1
2019-07-17,12.7
2019-07-18,11.5
2019-07-19,10.2
2019-07-20,10.3
2019-07-21,11.8
2019-07-22,12.6
2019-07-23,8.7
2019-07-24,7.8
2019-07-25,14.9
2019-07-26,25.0
2019-07-27,22.3
2019-07-28,18.5
2019-07-29,17.5
2019-07-30,20.5
2019-07-31,16.4
2019-08-01,22.3
2019-08-02,18.0
2019-08-03,21.0
2019-08-04,20.6
2019-08-05,19.6
2019-08-06,23.7
2019-08-07,24.6
2019-08-08,23.6
2019-08-09,21.6
2019-08-10,20.2
2019-08-11,14.9
2019-08-12,9.9
2019-08-13,15.1
2019-08-14,6.3
2019-08-15,10.5
2019-08-16,9.1
2019-08-17,6.0
2019-08-18,5.6
2019-08-19,13.6
2019-08-20,8.3
2019-08-21,8.1
2019-08-22,11.9
2019-08-23,13.4
2019-08-24,13.3
2019-08-25,17.0
2019-08-26,50.7
2019-08-27,20.0
2019-08-28,21.5
2019-08-29,19.8
2019-08-30,27.0
2019-08-31,29.1
2019-09-01,14.7
2019-09-02,17.2
2019-09-03,15.0
2019-09-04,15.1
2019-09-05,16.7
2019-09-06,17.7
2019-09-07,18.5
2019-09-08,18.4
2019-09-09,19.3
2019-09-10,20.1
2019-09-11,19.1
2019-09-12,16.1
2019-09-13,14.5
2019-09-14,14.4
2019-09-15,15.3
2019-09-16,28.6
2019-09-17,37.2
2019-09-18,41.5
2019-09-19,47.3
2019-09-20,76.1
2019-09-21,87.9
2019-09-22,80.0
2019-09-23,108.1
2019-09-24,42.0
2019-09-25,41.7
2019-09-26,65.8
2019-09-27,70.2
2019-09-28,71.2
2019-09-29,36.1
2019-09-30,47.3
2019-10-01,24.8
2019-10-02,27.7
2019-10-03,28.7
2019-10-04,34.5
2019-10-05,40.3
2019-10-06,26.1
2019-10-07,29.7
2019-10-08,41.3
2019-10-09,36.3
2019-10-10,33.6
2019-10-11,37.3
2019-10-12,40.3
2019-10-13,54.7
2019-10-14,53.4
2019-10-15,40.3
2019-10-16,63.2
2019-10-17,61.2
2019-10-18,51.6
2019-10-19,77.7
2019-10-20,60.0
2019-10-21,88.4
2019-10-22,93.3
2019-10-23,82.8
2019-10-24,75.8
2019-10-25,100.5
2019-10-26,73.2
2019-10-27,79.3
2019-10-28,70.8
2019-10-29,71.6
2019-10-30,54.9
2019-10-31,58.1
2019-11-01,31.5
2019-11-02,22.3
2019-11-03,23.0
2019-11-04,43.0
2019-11-05,66.0
2019-11-06,56.1
2019-11-07,61.0
2019-11-08,43.3
2019-11-09,44.6
2019-11-10,78.0
2019-11-11,78.6
2019-11-12,76.1
2019-11-13,74.9
2019-11-14,134.3
2019-11-15,77.8
2019-11-16,51.5
2019-11-17,55.3
2019-11-18,69.2
2019-11-19,68.6
2019-11-20,63.6
2019-11-21,101.3
2019-11-22,140.8
2019-11-23,129.7
2019-11-24,89.4
2019-11-25,77.4
2019-11-26,77.3
2019-11-27,68.7
2019-11-28,80.7
2019-11-29,78.5
2019-11-30,93.3
2019-12-01,112.3
2019-12-02,103.3
2019-12-03,93.1
2019-12-04,87.9
2019-12-05,111.9
2019-12-06,132.0
2019-12-07,142.9
2019-12-08,189.7
2019-12-09,184.2
2019-12-10,242.1
2019-12-11,166.4
2019-12-12,127.4
2019-12-13,82.3
2019-12-14,103.2
2019-12-15,102.0
2019-12-16,107.4
2019-12-17,153.4
2019-12-18,132.3
2019-12-19,128.2
2019-12-20,153.7
2019-12-21,97.0
2019-12-22,70.2
2019-12-23,69.4
2019-12-24,74.7
2019-12-25,82.7
2019-12-26,108.0
2019-12-27,130.3
2019-12-28,116.1
2019-12-29,121.3
2019-12-30,138.2
2019-12-31,144.5
2020-01-01,112.8
2020-01-02,88.9
2020-01-03,120.7
2020-01-04,183.7
2020-01-05,128.6
2020-01-06,148.6
2020-01-07,80.2
2020-01-08,82.2
2020-01-09,65.4
2020-01-10,49.4
2020-01-11,66.2
2020-01-12,53.0
2020-01-13,45.1
2020-01-14,57.1
2020-01-15,45.2
2020-01-16,59.5
2020-01-17,90.2
2020-01-18,80.7
2020-01-19,75.0
2020-01-20,92.8
2020-01-21,92.5
2020-01-22,106.2
2020-01-23,78.5
2020-01-24,75.2
2020-01-25,78.6
2020-01-26,89.7
2020-01-27,51.1
2020-01-28,48.4
2020-01-29,45.3
2020-01-30,66.9
2020-01-31,75.6
2020-02-01,98.5
2020-02-02,72.7
2020-02-03,81.1
2020-02-04,58.3
2020-02-05,64.8
2020-02-06,82.6
2020-02-07,79.0
2020-02-08,65.4
2020-02-09,77.2
2020-02-10,87.0
2020-02-11,88.5
2020-02-12,74.3
2020-02-13,89.6
2020-02-14,85.4
2020-02-15,77.1
2020-02-16,91.8
2020-02-17,94.6
2020-02-18,80.8
2020-02-19,44.3
2020-02-20,70.3
2020-02-21,41.2
2020-02-22,62.8
2020-02-23,69.7
2020-02-24,78.8
2020-02-25,52.5
2020-02-26,55.3
2020-02-27,49.4
2020-02-28,50.2
2020-02-29,73.7
2020-03-01,68.8
2020-03-02,82.5
2020-03-03,77.4
2020-03-04,66.4
2020-03-05,32.8
2020-03-06,44.2
2020-03-07,46.7
2020-03-08,40.8
2020-03-09,36.7
2020-03-10,38.6
2020-03-11,27.7
2020-03-12,56.3
2020-03-13,49.9
2020-03-14,59.6
2020-03-15,56.0
2020-03-16,53.7
2020-03-17,65.3
2020-03-18,63.9
2020-03-19,40.6
2020-03-20,35.0
2020-03-21,28.5
2020-03-22,27.1
2020-03-23,27.8
2020-03-24,18.9
2020-03-25,26.5
2020-03-26,19.6
2020-03-27,15.5
2020-03-28,21.9
2020-03-29,27.1
2020-03-30,28.1
2020-03-31,18.6
2020-04-01,21.8
2020-04-02,30.1
2020-04-03,31.7
2020-04-04,28.8
2020-04-05,30.3
2020-04-06,27.6
2020-04-07,32.0
2020-04-08,30.1
2020-04-09,30.5
2020-04-10,26.7
2020-04-11,34.9
2020-04-12,25.4
2020-04-13,29.6
2020-04-14,27.2
2020-04-15,28.1
2020-04-16,26.7
2020-04-17,22.5
2020-04-18,21.3
2020-04-19,20.3
2020-04-20,23.9
2020-04-21,25.8
2020-04-22,26.5
2020-04-23,24.9
2020-04-24,28.6
2020-04-25,28.7
2020-04-26,29.1
2020-04-27,27.3
2020-04-28,28.5
2020-04-29,31.0
2020-04-30,23.5
2020-05-01,21.6
2020-05-02,18.1
2020-05-03,19.4
2020-05-04,20.7
2020-05-05,24.9
2020-05-06,26.9
2020-05-07,22.3
2020-05-08,27.9
2020-05-09,27.5
2020-05-10,24.0
2020-05-11,23.5
2020-05-12,26.7
2020-05-13,22.7
2020-05-14,23.6
2020-05-15,39.6
2020-05-16,45.9
2020-05-17,33.8
2020-05-18,30.8
2020-05-19,30.5
2020-05-20,32.4
2020-05-21,25.3
2020-05-22,27.9
2020-05-23,23.8
2020-05-24,19.4
2020-05-25,22.7
2020-05-26,28.0
2020-05-27,28.1
2020-05-28,25.3
2020-05-29,24.7
2020-05-30,21.8
2020-05-31,22.3
2020-06-01,21.5
2020-06-02,25.9
2020-06-03,38.5
2020-06-04,36.3
2020-06-05,31.1
2020-06-06,35.7
2020-06-07,29.8
2020-06-08,29.4
2020-06-09,30.7
2020-06-10,26.6
2020-06-11,27.4
2020-06-12,27.3
2020-06-13,33.1
2020-06-14,32.9
2020-06-15,36.0
2020-06-16,33.0
2020-06-17,32.7
2020-06-18,29.7
2020-06-19,18.2
2020-06-20,16.2
2020-06-21,24.5
2020-06-22,23.8
2020-06-23,21.9
2020-06-24,17.8
2020-06-25,20.0
2020-06-26,29.3
2020-06-27,19.9
2020-06-28,21.8
2020-06-29,23.2
2020-06-30,25.4
2020-07-01,28.0
2020-07-02,13.6
2020-07-03,11.7
2020-07-04,15.1
2020-07-05,25.9
2020-07-06,35.8
2020-07-07,38.8
2020-07-08,43.1
2020-07-09,21.1
2020-07-10,30.1
2020-07-11,32.7
2020-07-12,28.9
2020-07-13,30.7
2020-07-14,31.1
2020-07-15,31.3
2020-07-16,29.9
2020-07-17,32.7
2020-07-18,31.1
2020-07-19,10.9
2020-07-20,14.1
2020-07-21,20.7
2020-07-22,21.7
2020-07-23,28.2
2020-07-24,29.7
2020-07-25,24.1
2020-07-26,35.5
2020-07-27,16.5
2020-07-28,20.5
2020-07-29,25.3
2020-07-30,28.1
2020-07-31,26.3
2020-08-01,18.8
2020-08-02,17.4
2020-08-03,15.6
2020-08-04,20.4
2020-08-05,27.0
2020-08-06,31.9
2020-08-07,19.3
2020-08-08,20.8
2020-08-09,28.5
2020-08-10,24.1
2020-08-11,32.9
2020-08-12,27.9
2020-08-13,24.6
2020-08-14,29.4
2020-08-15,34.1
2020-08-16,34.4
2020-08-17,33.6
2020-08-18,32.1
2020-08-19,27.6
2020-08-20,28.9
2020-08-21,27.8
2020-08-22,28.4
2020-08-23,29.4
2020-08-24,20.2
2020-08-25,21.9
2020-08-26,19.6
2020-08-27,24.2
2020-08-28,28.2
2020-08-29,30.8
2020-08-30,32.6
2020-08-31,35.5
2020-09-01,34.4
2020-09-02,30.9
2020-09-03,36.6
2020-09-04,32.4
2020-09-05,31.6
2020-09-06,28.8
2020-09-07,26.6
2020-09-08,27.5
2020-09-09,30.1
2020-09-10,29.1
2020-09-11,26.4
2020-09-12,34.8
2020-09-13,44.8
2020-09-14,55.5
2020-09-15,48.1
2020-09-16,35.0
2020-09-17,31.2
2020-09-18,29.8
2020-09-19,30.2
2020-09-20,31.7
2020-09-21,40.1
2020-09-22,33.6
2020-09-23,35.1
2020-09-24,41.3
2020-09-25,37.1
2020-09-26,38.6
2020-09-27,33.2
2020-09-28,28.3
2020-09-29,25.6
2020-09-30,26.7
2020-10-01,25.7
2020-10-02,24.6
2020-10-03,29.8
2020-10-04,29.0
2020-10-05,27.5
2020-10-06,28.2
2020-10-07,28.3
2020-10-08,26.1
2020-10-09,29.3
2020-10-10,39.6
2020-10-11,34.9
2020-10-12,48.8
2020-10-13,48.6
2020-10-14,51.2
2020-10-15,63.7
2020-10-16,62.7
2020-10-17,57.3
2020-10-18,54.9
2020-10-19,67.4
2020-10-20,34.5
2020-10-21,43.2
2020-10-22,67.9
2020-10-23,45.8
2020-10-24,61.8
2020-10-25,88.4
2020-10-26,90.0
2020-10-27,108.2
2020-10-28,55.7
2020-10-29,59.1
2020-10-30,87.3
2020-10-31,85.1
2020-11-01,114.6
2020-11-02,101.6
2020-11-03,74.0
2020-11-04,47.2
2020-11-05,54.8
2020-11-06,99.2
2020-11-07,110.0
2020-11-08,119.1
2020-11-09,126.1
2020-11-10,113.4
2020-11-11,122.7
2020-11-12,175.2
2020-11-13,232.1
2020-11-14,205.9
2020-11-15,121.9
2020-11-16,85.0
2020-11-17,109.9
2020-11-18,99.8
2020-11-19,113.4
2020-11-20,82.4
2020-11-21,73.4
2020-11-22,87.0
2020-11-23,100.7
2020-11-24,109.8
2020-11-25,117.7
2020-11-26,71.6
2020-11-27,70.4
2020-11-28,72.6
2020-11-29,103.9
2020-11-30,163.1
2020-12-01,153.7
2020-12-02,160.2
2020-12-03,138.3
2020-12-04,108.4
2020-12-05,95.9
2020-12-06,189.4
2020-12-07,187.2
2020-12-08,187.3
2020-12-09,152.7
2020-12-10,122.0
2020-12-11,103.2
2020-12-12,56.4
2020-12-13,55.2
2020-12-14,88.3
2020-12-15,89.6
2020-12-16,92.7
2020-12-17,126.5
2020-12-18,102.1
2020-12-19,135.9
2020-12-20,148.1
2020-12-21,169.3
2020-12-22,174.2
2020-12-23,151.8
2020-12-24,150.9
2020-12-25,118.3
2020-12-26,160.9
2020-12-27,101.3
2020-12-28,68.0
2020-12-29,87.6
2020-12-30,127.8
2020-12-31,125.0
2021-01-01,136.9
2021-01-02,125.9
2021-01-03,98.6
2021-01-04,101.6
2021-01-05,110.2
2021-01-06,97.6
2021-01-07,115.9
2021-01-08,72.5
2021-01-09,84.5
2021-01-10,86.2
2021-01-11,110.3
2021-01-12,147.9
2021-01-13,128.3
2021-01-14,113.1
2021-01-15,162.8
2021-01-16,159.5
2021-01-17,149.3
2021-01-18,135.0
2021-01-19,137.0
2021-01-20,172.1
2021-01-21,125.1
2021-01-22,75.7
2021-01-23,144.3
2021-01-24,89.3
2021-01-25,90.1
2021-01-26,93.9
2021-01-27,111.5
2021-01-28,135.8
2021-01-29,112.4
2021-01-30,85.5
2021-01-31,77.9
2021-02-01,95.0
2021-02-02,128.9
2021-02-03,95.2
2021-02-04,52.6
2021-02-05,66.9
2021-02-06,92.5
2021-02-07,107.0
2021-02-08,117.2
2021-02-09,134.7
2021-02-10,141.0
2021-02-11,179.1
2021-02-12,172.3
2021-02-13,135.2
2021-02-14,106.1
2021-02-15,128.4
2021-02-16,120.2
2021-02-17,150.0
2021-02-18,120.7
2021-02-19,127.4
2021-02-20,153.1
2021-02-21,81.7
2021-02-22,74.7
2021-02-23,71.2
2021-02-24,43.1
2021-02-25,40.8
2021-02-26,43.5
2021-02-27,51.8
2021-02-28,57.0
2021-03-01,48.6
2021-03-02,58.8
2021-03-03,46.1
2021-03-04,54.4
2021-03-05,74.7
2021-03-06,46.6
2021-03-07,28.7
2021-03-08,27.5
2021-03-09,50.8
2021-03-10,28.0
2021-03-11,31.7
2021-03-12,43.2
2021-03-13,53.4
2021-03-14,58.4
2021-03-15,39.1
2021-03-16,37.0
2021-03-17,39.2
2021-03-18,49.3
2021-03-19,53.0
2021-03-20,64.6
2021-03-21,41.8
2021-03-22,38.9
2021-03-23,40.9
2021-03-24,45.1
2021-03-25,51.6
2021-03-26,52.9
2021-03-27,31.2
2021-03-28,31.8
2021-03-29,26.7
2021-03-30,60.1
2021-03-31,58.9
2021-04-01,32.9
2021-04-02,42.5
2021-04-03,49.9
2021-04-04,43.0
2021-04-05,29.5
2021-04-06,32.3
2021-04-07,46.1
2021-04-08,42.9
2021-04-09,26.5
2021-04-10,33.2
2021-04-11,61.0
2021-04-12,28.4
2021-04-13,27.0
2021-04-14,35.1
2021-04-15,45.6
2021-04-16,35.1
2021-04-17,39.7
2021-04-18,42.4
2021-04-19,36.2
2021-04-20,36.3
2021-04-21,36.2
2021-04-22,50.2
2021-04-23,35.9
2021-04-24,81.4
2021-04-25,99.8
2021-04-26,46.7
2021-04-27,39.5
2021-04-28,37.2
2021-04-29,31.1
2021-04-30,28.4
2021-05-01,44.1
2021-05-02,31.7
2021-05-03,28.0
2021-05-04,27.4
2021-05-05,30.1
2021-05-06,30.4
2021-05-07,30.8
2021-05-08,29.4
2021-05-09,26.9
2021-05-10,32.8
2021-05-11,41.0
2021-05-12,52.7
2021-05-13,27.2
2021-05-14,44.7
2021-05-15,23.5
2021-05-16,38.3
2021-05-17,35.9
2021-05-18,35.4
2021-05-19,25.4
2021-05-20,27.5
2021-05-21,25.8
2021-05-22,28.1
2021-05-23,30.3
2021-05-24,27.9
2021-05-25,25.1
2021-05-26,32.3
2021-05-27,31.4
2021-05-28,31.5
2021-05-29,29.9
2021-05-30,27.8
2021-05-31,24.7
2021-06-01,42.5
2021-06-02,24.0
2021-06-03,24.0
2021-06-04,25.3
2021-06-05,26.9
2021-06-06,33.3
2021-06-07,25.2
2021-06-08,24.2
2021-06-09,23.5
2021-06-10,25.4
2021-06-11,27.7
2021-06-12,27.7
2021-06-13,34.7
2021-06-14,33.9
2021-06-15,31.8
2021-06-16,33.3
2021-06-17,44.6
2021-06-18,45.7
2021-06-19,44.6
2021-06-20,62.2
2021-06-21,50.1
2021-06-22,39.7
2021-06-23,32.3
2021-06-24,27.0
2021-06-25,26.1
2021-06-26,28.2
2021-06-27,30.9
2021-06-28,28.9
2021-06-29,24.3
2021-06-30,33.3
2021-07-01,29.0
2021-07-02,32.2
2021-07-03,30.2
2021-07-04,52.8
2021-07-05,25.3
2021-07-06,29.8
2021-07-07,24.3
2021-07-08,26.9
2021-07-09,31.8
2021-07-10,32.0
2021-07-11,29.7
2021-07-12,31.2
2021-07-13,28.5
2021-07-14,29.1
2021-07-15,19.5
2021-07-16,23.7
2021-07-17,25.0
2021-07-18,21.4
2021-07-19,26.6
2021-07-20,32.1
2021-07-21,30.0
2021-07-22,39.3
2021-07-23,36.2
2021-07-24,29.6
2021-07-25,29.4
2021-07-26,27.9
2021-07-27,28.3
2021-07-28,29.6
2021-07-29,32.2
2021-07-30,28.8
2021-07-31,23.1
2021-08-01,23.2
2021-08-02,24.8
2021-08-03,24.5
2021-08-04,30.8
2021-08-05,29.8
2021-08-06,27.5
2021-08-07,24.3
2021-08-08,24.2
2021-08-09,24.4
2021-08-10,22.4
2021-08-11,21.0
2021-08-12,27.3
2021-08-13,22.1
2021-08-14,21.9
2021-08-15,22.9
2021-08-16,22.7
2021-08-17,23.0
2021-08-18,32.7
2021-08-19,21.4
2021-08-20,21.3
2021-08-21,24.3
2021-08-22,23.3
2021-08-23,20.2
2021-08-24,21.5
2021-08-25,18.8
2021-08-26,25.4
2021-08-27,28.9
2021-08-28,25.3
2021-08-29,26.5
2021-08-30,26.1
2021-08-31,27.5
2021-09-01,34.1
2021-09-02,44.0
2021-09-03,37.8
2021-09-04,37.9
2021-09-05,26.4
2021-09-06,31.4
2021-09-07,38.8
2021-09-08,32.7
2021-09-09,27.9
2021-09-10,28.7
2021-09-11,25.5
2021-09-12,30.9
2021-09-13,41.0
2021-09-14,41.3
2021-09-15,36.8
2021-09-16,35.0
2021-09-17,48.6
2021-09-18,32.4
2021-09-19,21.5
2021-09-20,21.7
2021-09-21,20.3
2021-09-22,24.4
2021-09-23,35.9
2021-09-24,31.6
2021-09-25,35.3
2021-09-26,41.4
2021-09-27,39.4
2021-09-28,36.6
2021-09-29,35.4
2021-09-30,24.6
2021-10-01,28.0
2021-10-02,21.9
2021-10-03,21.7
2021-10-04,25.5
2021-10-05,26.2
2021-10-06,40.8
2021-10-07,53.6
2021-10-08,49.8
2021-10-09,40.6
2021-10-10,33.1
2021-10-11,40.6
2021-10-12,64.2
2021-10-13,75.5
2021-10-14,72.7
2021-10-15,70.4
2021-10-16,63.1
2021-10-17,66.0
2021-10-18,50.5
2021-10-19,38.6
2021-10-20,39.6
2021-10-21,45.6
2021-10-22,29.2
2021-10-23,87.2
2021-10-24,63.3
2021-10-25,57.6
2021-10-26,64.6
2021-10-27,85.8
2021-10-28,85.2
2021-10-29,96.5
2021-10-30,90.5
2021-10-31,55.4
2021-11-01,81.3
2021-11-02,56.7
2021-11-03,115.4
2021-11-04,113.7
2021-11-05,122.9
2021-11-06,109.6
2021-11-07,111.0
2021-11-08,106.0
2021-11-09,117.5
2021-11-10,116.8
2021-11-11,131.4
2021-11-12,111.3
2021-11-13,96.7
2021-11-14,73.4
2021-11-15,79.7
2021-11-16,79.0
2021-11-17,89.1
2021-11-18,108.4
2021-11-19,128.6
2021-11-20,112.3
2021-11-21,111.0
2021-11-22,93.2
2021-11-23,82.2
2021-11-24,50.1
2021-11-25,74.7
2021-11-26,129.1
2021-11-27,92.2
2021-11-28,91.4
2021-11-29,94.8
2021-11-30,89.1
2021-12-01,82.5
2021-12-02,94.3
2021-12-03,102.9
2021-12-04,112.3
2021-12-05,100.9
2021-12-06,78.4
2021-12-07,82.3
2021-12-08,78.7
2021-12-09,98.2
2021-12-10,95.2
2021-12-11,81.1
2021-12-12,91.2
2021-12-13,84.0
2021-12-14,87.2
2021-12-15,97.9
2021-12-16,76.1
2021-12-17,77.2
2021-12-18,65.0
2021-12-19,80.9
2021-12-20,104.4
2021-12-21,81.9
2021-12-22,94.4
2021-12-23,48.0
2021-12-24,109.7
2021-12-25,141.0
2021-12-26,63.9
2021-12-27,130.7
2021-12-28,127.5
2021-12-29,94.3
2021-12-30,78.6
2021-12-31,73.9
2022-01-01,94.9
2022-01-02,79.3
2022-01-03,84.7
2022-01-04,81.2
2022-01-05,53.7
2022-01-06,60.7
2022-01-07,34.2
2022-01-08,41.5
2022-01-09,42.7
2022-01-10,73.0
2022-01-11,56.8
2022-01-12,73.7
2022-01-13,88.5
2022-01-14,63.4
2022-01-15,65.1
2022-01-16,63.6
2022-01-17,75.1
2022-01-18,80.5
2022-01-19,81.0
2022-01-20,53.6
2022-01-21,34.3
2022-01-22,101.1
2022-01-23,45.9
2022-01-24,65.9
2022-01-25,69.0
2022-01-26,69.1
2022-01-27,73.6
2022-01-28,82.7
2022-01-29,60.8
2022-01-30,44.2
2022-01-31,46.8
2022-02-01,80.0
2022-02-02,55.3
2022-02-03,70.7
2022-02-04,37.2
2022-02-05,40.8
2022-02-06,27.6
2022-02-07,35.0
2022-02-08,34.7
2022-02-09,53.1
2022-02-10,59.5
2022-02-11,60.6
2022-02-12,54.8
2022-02-13,32.6
2022-02-14,43.3
2022-02-15,55.9
2022-02-16,69.0
2022-02-17,61.7
2022-02-18,43.6
2022-02-19,69.2
2022-02-20,43.4
2022-02-21,31.2
2022-02-22,33.0
2022-02-23,55.5
2022-02-24,71.9
2022-02-25,51.5
2022-02-26,58.0
2022-02-27,45.1
2022-02-28,46.8
2022-03-01,57.5
2022-03-02,35.4
2022-03-03,34.8
2022-03-04,39.7
2022-03-05,45.9
2022-03-06,34.0
2022-03-07,34.9
2022-03-08,50.6
2022-03-09,54.2
2022-03-10,45.0
2022-03-11,63.8
2022-03-12,57.9
2022-03-13,43.5
2022-03-14,43.9
2022-03-15,48.5
2022-03-16,43.0
2022-03-17,38.4
2022-03-18,40.2
2022-03-19,54.6
2022-03-20,43.1
2022-03-21,36.8
2022-03-22,37.0
2022-03-23,31.6
2022-03-24,34.4
2022-03-25,43.5
2022-03-26,50.5
2022-03-27,34.1
2022-03-28,34.1
2022-03-29,34.7
2022-03-30,69.9
2022-03-31,79.7
2022-04-01,71.7
2022-04-02,52.1
2022-04-03,38.3
2022-04-04,29.9
2022-04-05,35.6
2022-04-06,37.1
2022-04-07,41.1
2022-04-08,36.8
2022-04-09,41.5
2022-04-10,36.8
2022-04-11,35.8
2022-04-12,34.7
2022-04-13,33.5
2022-04-14,38.7
2022-04-15,39.7
2022-04-16,33.3
2022-04-17,31.9
2022-04-18,33.4
2022-04-19,35.2
2022-04-20,34.6
2022-04-21,32.1
2022-04-22,30.1
2022-04-23,27.5
2022-04-24,26.1
2022-04-25,22.4
2022-04-26,34.6
2022-04-27,31.4
2022-04-28,41.3
2022-04-29,32.2
2022-04-30,57.9
2022-05-01,54.9
2022-05-02,44.9
2022-05-03,47.2
2022-05-04,43.5
2022-05-05,44.5
2022-05-06,40.9
2022-05-07,47.0
2022-05-08,40.8
2022-05-09,31.4
2022-05-10,39.4
2022-05-11,34.2
2022-05-12,39.7
2022-05-13,30.4
2022-05-14,36.9
2022-05-15,41.3
2022-05-16,42.9
2022-05-17,34.7
2022-05-18,46.2
2022-05-19,43.3
2022-05-20,40.2
2022-05-21,41.2
2022-05-22,31.0
2022-05-23,49.8
2022-05-24,44.2
2022-05-25,43.3
2022-05-26,34.5
2022-05-27,42.9
2022-05-28,42.0
2022-05-29,37.5
2022-05-30,32.7
2022-05-31,32.4
2022-06-01,32.4
2022-06-02,31.7
2022-06-03,26.3
2022-06-04,22.0
2022-06-05,22.7
2022-06-06,21.0
2022-06-07,19.0
2022-06-08,18.9
2022-06-09,15.9
2022-06-10,18.8
2022-06-11,20.4
2022-06-12,21.3
2022-06-13,23.9
2022-06-14,30.0
2022-06-15,32.7
2022-06-16,28.7
2022-06-17,20.9
2022-06-18,25.8
2022-06-19,26.8
2022-06-20,28.9
2022-06-21,40.8
2022-06-22,37.1
2022-06-23,36.8
2022-06-24,37.5
2022-06-25,27.9
2022-06-26,26.8
2022-06-27,27.7
2022-06-28,25.4
2022-06-29,24.7
2022-06-30,17.1
2022-07-01,31.1
2022-07-02,44.9
2022-07-03,49.4
2022-07-04,32.4
2022-07-05,29.4
2022-07-06,31.9
2022-07-07,18.6
2022-07-08,19.0
2022-07-09,13.5
2022-07-10,16.2
2022-07-11,11.1
2022-07-12,31.2
2022-07-13,30.5
2022-07-14,18.7
2022-07-15,13.1
2022-07-16,16.2
2022-07-17,11.4
2022-07-18,9.6
2022-07-19,17.0
2022-07-20,10.9
2022-07-21,15.1
2022-07-22,13.6
2022-07-23,20.4
2022-07-24,20.2
2022-07-25,18.3
2022-07-26,18.8
2022-07-27,14.1
2022-07-28,12.2
2022-07-29,19.4
2022-07-30,21.6
2022-07-31,20.1
2022-08-01,27.2
2022-08-02,36.4
2022-08-03,31.2
2022-08-04,33.6
2022-08-05,28.9
2022-08-06,33.3
2022-08-07,32.1
2022-08-08,33.3
2022-08-09,38.0
2022-08-10,33.9
2022-08-11,32.8
2022-08-12,20.4
2022-08-13,21.2
2022-08-14,16.4
2022-08-15,17.0
2022-08-16,24.0
2022-08-17,14.5
2022-08-18,26.3
2022-08-19,36.0
2022-08-20,32.1
2022-08-21,30.4
2022-08-22,30.7
2022-08-23,38.5
2022-08-24,39.4
2022-08-25,35.4
2022-08-26,29.5
2022-08-27,33.5
2022-08-28,26.8
2022-08-29,27.3
2022-08-30,34.7
2022-08-31,25.9
2022-09-01,21.5
2022-09-02,18.0
2022-09-03,23.1
2022-09-04,22.9
2022-09-05,28.2
2022-09-06,31.1
2022-09-07,36.4
2022-09-08,47.4
2022-09-09,50.8
2022-09-10,58.7
2022-09-11,29.0
2022-09-12,37.9
2022-09-13,52.0
2022-09-14,46.9
2022-09-15,33.2
2022-09-16,35.6
2022-09-17,35.1
2022-09-18,39.1
2022-09-19,43.7
2022-09-20,36.6
2022-09-21,33.8
2022-09-22,26.2
2022-09-23,28.7
2022-09-24,22.6
2022-09-25,25.4
2022-09-26,25.4
2022-09-27,29.1
2022-09-28,24.6
2022-09-29,25.3
2022-09-30,21.8
2022-10-01,20.2
2022-10-02,12.1
2022-10-03,16.9
2022-10-04,21.1
2022-10-05,29.2
2022-10-06,31.2
2022-10-07,39.6
2022-10-08,69.7
2022-10-09,60.7
2022-10-10,71.5
2022-10-11,77.3
2022-10-12,47.7
2022-10-13,36.9
2022-10-14,52.1
2022-10-15,47.2
2022-10-16,47.9
2022-10-17,64.9
2022-10-18,27.7
2022-10-19,28.6
2022-10-20,31.1
2022-10-21,61.0
2022-10-22,104.7
2022-10-23,100.9
2022-10-24,42.4
2022-10-25,40.8
2022-10-26,48.2
2022-10-27,46.3
2022-10-28,49.0
2022-10-29,57.5
2022-10-30,55.1
2022-10-31,44.3
2022-11-01,44.9
2022-11-02,46.4
2022-11-03,49.3
2022-11-04,51.2
2022-11-05,61.5
2022-11-06,49.3
2022-11-07,49.2
2022-11-08,72.6
2022-11-09,88.4
2022-11-10,75.0
2022-11-11,90.9
2022-11-12,97.4
2022-11-13,56.5
2022-11-14,36.0
2022-11-15,89.8
2022-11-16,90.2
2022-11-17,93.4
2022-11-18,71.6
2022-11-19,73.8
2022-11-20,73.6
2022-11-21,79.3
2022-11-22,72.6
2022-11-23,93.8
2022-11-24,93.7
2022-11-25,68.0
2022-11-26,83.6
2022-11-27,67.5
2022-11-28,97.7
2022-11-29,120.6
2022-11-30,105.6
2022-12-01,123.8
2022-12-02,140.0
2022-12-03,84.4
2022-12-04,129.0
2022-12-05,124.6
2022-12-06,148.3
2022-12-07,146.5
2022-12-08,129.4
2022-12-09,103.4
2022-12-10,122.6
2022-12-11,96.6
2022-12-12,91.3
2022-12-13,86.4
2022-12-14,87.6
2022-12-15,101.2
2022-12-16,125.0
2022-12-17,121.3
2022-12-18,142.4
2022-12-19,137.1
2022-12-20,128.4
2022-12-21,112.4
2022-12-22,96.2
2022-12-23,115.7
2022-12-24,97.2
2022-12-25,108.2
2022-12-26,130.1
2022-12-27,108.8
2022-12-28,126.9
2022-12-29,70.9
2022-12-30,68.6
2022-12-31,69.8
2023-01-01,123.2
2023-01-02,121.0
2023-01-03,88.0
2023-01-04,77.1
2023-01-05,77.0
2023-01-06,69.9
2023-01-07,75.8
2023-01-08,73.1
2023-01-09,114.2
2023-01-10,99.5
2023-01-11,74.7
2023-01-12,174.2
2023-01-13,112.4
2023-01-14,67.9
2023-01-15,68.5
2023-01-16,95.1
2023-01-17,109.3
2023-01-18,155.4
2023-01-19,103.1
2023-01-20,71.2
2023-01-21,67.1
2023-01-22,71.0
2023-01-23,59.3
2023-01-24,75.8
2023-01-25,98.2
2023-01-26,65.9
2023-01-27,66.3
2023-01-28,84.2
2023-01-29,107.8
2023-01-30,85.0
2023-01-31,99.7
2023-02-01,90.9
2023-02-02,130.4
2023-02-03,162.7
2023-02-04,86.3
2023-02-05,36.5
2023-02-06,53.9
2023-02-07,72.0
2023-02-08,46.3
2023-02-09,37.0
2023-02-10,53.9
2023-02-11,67.8
2023-02-12,57.1
2023-02-13,55.7
2023-02-14,65.9
2023-02-15,97.4
2023-02-16,54.8
2023-02-17,68.1
2023-02-18,98.6
2023-02-19,41.2
2023-02-20,51.3
2023-02-21,58.6
2023-02-22,36.1
2023-02-23,58.4
2023-02-24,53.9
2023-02-25,45.8
2023-02-26,34.4
2023-02-27,42.3
2023-02-28,45.3
2023-03-01,83.3
2023-03-02,70.8
2023-03-03,61.6
2023-03-04,58.3
2023-03-05,78.1
2023-03-06,78.9
2023-03-07,86.7
2023-03-08,65.3
2023-03-09,71.5
2023-03-10,88.4
2023-03-11,53.4
2023-03-12,48.0
2023-03-13,55.5
2023-03-14,44.8
2023-03-15,32.9
2023-03-16,37.6
2023-03-17,46.3
2023-03-18,50.2
2023-03-19,46.4
2023-03-20,41.7
2023-03-21,42.4
2023-03-22,17.9
2023-03-23,16.4
2023-03-24,56.0
2023-03-25,44.0
2023-03-26,46.6
2023-03-27,42.1
2023-03-28,28.7
2023-03-29,28.7
2023-03-30,24.5
2023-03-31,30.9
2023-04-01,23.9
2023-04-02,29.4
2023-04-03,31.0
2023-04-04,21.2
2023-04-05,25.4
2023-04-06,29.6
2023-04-07,46.0
2023-04-08,53.4
2023-04-09,26.8
2023-04-10,25.7
2023-04-11,29.5
2023-04-12,46.7
2023-04-13,29.7
2023-04-14,30.2
2023-04-15,32.3
2023-04-16,34.5
2023-04-17,25.1
2023-04-18,30.2
2023-04-19,35.3
2023-04-20,32.6
2023-04-21,24.8
2023-04-22,24.8
2023-04-23,28.1
2023-04-24,30.1
2023-04-25,32.6
2023-04-26,22.3
2023-04-27,19.8
2023-04-28,15.6
2023-04-29,26.8
2023-04-30,23.7
2023-05-01,21.1
2023-05-02,24.5
2023-05-03,31.9
2023-05-04,36.0
2023-05-05,28.5
2023-05-06,27.3
2023-05-07,37.0
2023-05-08,34.6
2023-05-09,37.5
2023-05-10,36.4
2023-05-11,36.2
2023-05-12,25.4
2023-05-13,24.6
2023-05-14,25.0
2023-05-15,30.0
2023-05-16,30.0
2023-05-17,26.9
2023-05-18,27.5
2023-05-19,27.0
2023-05-20,24.2
2023-05-21,23.5
2023-05-22,26.3
2023-05-23,26.3
2023-05-24,29.4
2023-05-25,28.4
2023-05-26,25.2
2023-05-27,21.3
2023-05-28,18.8
2023-05-29,22.2
2023-05-30,15.1
2023-05-31,14.3
2023-06-01,19.1
2023-06-02,24.3
2023-06-03,26.3
2023-06-04,29.0
2023-06-05,25.2
2023-06-06,23.2
2023-06-07,23.3
2023-06-08,21.4
2023-06-09,21.6
2023-06-10,18.3
2023-06-11,16.8
2023-06-12,22.3
2023-06-13,38.1
2023-06-14,28.8
2023-06-15,25.1
2023-06-16,29.3
2023-06-17,61.2
2023-06-18,51.6
2023-06-19,39.4
2023-06-20,39.5
2023-06-21,35.8
2023-06-22,32.8
2023-06-23,34.4
2023-06-24,32.8
2023-06-25,32.4
2023-06-26,31.3
2023-06-27,30.2
2023-06-28,25.9
2023-06-29,24.4
2023-06-30,25.3
2023-07-01,22.2
2023-07-02,25.3
2023-07-03,30.1
2023-07-04,33.1
2023-07-05,33.2
2023-07-06,36.6
2023-07-07,47.4
2023-07-08,55.2
2023-07-09,49.6
2023-07-10,43.8
2023-07-11,35.8
2023-07-12,37.3
2023-07-13,36.6
2023-07-14,32.9
2023-07-15,34.4
2023-07-16,30.5
2023-07-17,30.4
2023-07-18,31.8
2023-07-19,34.7
2023-07-20,31.1
2023-07-21,42.4
2023-07-22,39.9
2023-07-23,20.0
2023-07-24,16.4
2023-07-25,17.9
2023-07-26,15.4
2023-07-27,14.9
2023-07-28,18.2
2023-07-29,16.9
2023-07-30,22.3
2023-07-31,26.6
2023-08-01,26.5
2023-08-02,29.8
2023-08-03,33.2
2023-08-04,32.7
2023-08-05,31.8
2023-08-06,32.7
2023-08-07,31.9
2023-08-08,33.9
2023-08-09,24.3
2023-08-10,24.9
2023-08-11,27.2
2023-08-12,27.3
2023-08-13,29.7
2023-08-14,35.4
2023-08-15,33.0
2023-08-16,27.0
2023-08-17,24.4
2023-08-18,25.1
2023-08-19,25.1
2023-08-20,22.4
2023-08-21,24.0
2023-08-22,23.9
2023-08-23,23.3
2023-08-24,24.7
2023-08-25,23.4
2023-08-26,25.8
2023-08-27,28.3
2023-08-28,30.8
2023-08-29,29.4
2023-08-30,26.9
2023-08-31,24.1
2023-09-01,25.4
2023-09-02,80.4
2023-09-03,23.5
2023-09-04,25.7
2023-09-05,26.9
2023-09-06,29.0
2023-09-07,25.7
2023-09-08,27.2
2023-09-09,22.1
2023-09-10,21.1
2023-09-11,22.8
2023-09-12,20.3
2023-09-13,21.6
2023-09-14,22.0
2023-09-15,23.0
2023-09-16,23.4
2023-09-17,25.4
2023-09-18,27.4
2023-09-19,41.4
2023-09-20,37.0
2023-09-21,26.1
2023-09-22,32.4
2023-09-23,61.8
2023-09-24,93.9
2023-09-25,124.5
2023-09-26,166.0
2023-09-27,105.9
2023-09-28,74.6
2023-09-29,46.7
2023-09-30,67.2
2023-10-01,69.7
2023-10-02,38.7
2023-10-03,25.2
2023-10-04,22.7
2023-10-05,33.2
2023-10-06,34.3
2023-10-07,31.4
2023-10-08,29.7
2023-10-09,31.2
2023-10-10,26.0
2023-10-11,30.2
2023-10-12,25.5
2023-10-13,24.1
2023-10-14,21.9
2023-10-15,25.6
2023-10-16,30.1
2023-10-17,24.7
2023-10-18,42.8
2023-10-19,40.5
2023-10-20,31.4
2023-10-21,35.0
2023-10-22,29.2
2023-10-23,37.8
2023-10-24,56.9
2023-10-25,38.1
2023-10-26,34.2
2023-10-27,44.5
2023-10-28,44.6
2023-10-29,46.7
2023-10-30,58.6
2023-10-31,65.5
2023-11-01,85.1
2023-11-02,87.0
2023-11-03,50.3
2023-11-04,45.6
2023-11-05,65.0
2023-11-06,101.4
2023-11-07,110.0
2023-11-08,122.0
2023-11-09,100.5
2023-11-10,66.2
2023-11-11,78.8
2023-11-12,84.0
2023-11-13,75.1
2023-11-14,67.9
2023-11-15,77.3
2023-11-16,92.6
2023-11-17,79.2
2023-11-18,111.5
2023-11-19,191.8
2023-11-20,154.5
2023-11-21,133.4
2023-11-22,125.0
2023-11-23,101.6
2023-11-24,124.5
2023-11-25,135.5
2023-11-26,102.6
2023-11-27,157.4
2023-11-28,163.0
2023-11-29,155.8
2023-11-30,191.7
2023-12-01,153.8
2023-12-02,133.5
2023-12-03,136.2
2023-12-04,122.9
2023-12-05,132.2
2023-12-06,112.2
2023-12-07,86.4
2023-12-08,21.0
2023-12-09,24.2
2023-12-10,25.5
2023-12-11,22.5
2023-12-12,92.3
2023-12-13,
2023-12-14,
2023-12-15,
2023-12-16,
2023-12-17,72.7
2023-12-18,73.6
2023-12-19,101.7
2023-12-20,94.3
2023-12-21,101.3
2023-12-22,106.9
2023-12-23,101.2
2023-12-24,80.4
2023-12-25,85.5
2023-12-26,178.6
2023-12-27,
2023-12-28,
2023-12-29,87.2
2023-12-30,98.9
2023-12-31,103.9
2024-01-01,101.8
2024-01-02,128.9
2024-01-03,123.7
2024-01-04,124.8
2024-01-05,130.4
2024-01-06,94.1
2024-01-07,99.4
2024-01-08,88.6
2024-01-09,99.1
2024-01-10,79.6
2024-01-11,100.7
2024-01-12,130.9
2024-01-13,105.5
2024-01-14,96.5
2024-01-15,136.0
2024-01-16,56.7
2024-01-17,129.7
2024-01-18,155.0
2024-01-19,146.0
2024-01-20,132.5
2024-01-21,118.3
2024-01-22,104.3
2024-01-23,103.7
2024-01-24,167.6
2024-01-25,165.8
2024-01-26,152.1
2024-01-27,118.4
2024-01-28,136.3
2024-01-29,75.8
2024-01-30,77.9
2024-01-31,27.7
2024-02-01,63.9
2024-02-02,60.3
2024-02-03,79.4
2024-02-04,90.7
2024-02-05,84.5
2024-02-06,90.3
2024-02-07,81.3
2024-02-08,51.8
2024-02-09,83.8
2024-02-10,75.3
2024-02-11,81.4
2024-02-12,87.1
2024-02-13,105.6
2024-02-14,118.2
2024-02-15,108.9
2024-02-16,89.4
2024-02-17,86.2
2024-02-18,21.3
2024-02-19,34.9
2024-02-20,29.7
2024-02-21,28.5
2024-02-22,41.0
2024-02-23,57.1
2024-02-24,55.6
2024-02-25,56.9
2024-02-26,41.3
2024-02-27,35.6
2024-02-28,48.7
2024-02-29,74.4
2024-03-01,87.6
2024-03-02,41.1
2024-03-03,25.9
2024-03-04,51.9
2024-03-05,59.5
2024-03-06,67.2
2024-03-07,52.7
2024-03-08,73.3
2024-03-09,73.7
2024-03-10,62.6
2024-03-11,32.1
2024-03-12,34.5
2024-03-13,42.3
2024-03-14,73.2
2024-03-15,57.9
2024-03-16,53.9
2024-03-17,63.0
2024-03-18,60.6
2024-03-19,30.7
2024-03-20,45.7
2024-03-21,39.4
2024-03-22,37.8
2024-03-23,29.3
2024-03-24,24.1
2024-03-25,30.8
2024-03-26,28.4
2024-03-27,31.0
2024-03-28,22.7
2024-03-29,21.7
2024-03-30,25.6
2024-03-31,73.2
2024-04-01,52.5
2024-04-02,28.8
2024-04-03,34.6
2024-04-04,38.9
2024-04-05,31.9
2024-04-06,30.3
2024-04-07,44.0
2024-04-08,43.2
2024-04-09,28.5
2024-04-10,19.8
2024-04-11,23.1
2024-04-12,27.3
2024-04-13,21.1
2024-04-14,34.0
2024-04-15,26.2
2024-04-16,23.6
2024-04-17,41.0
2024-04-18,23.7
2024-04-19,23.4
2024-04-20,25.8
2024-04-21,25.0
2024-04-22,31.9
2024-04-23,30.0
2024-04-24,26.4
2024-04-25,26.2
2024-04-26,24.7
2024-04-27,26.9
2024-04-28,24.7
2024-04-29,31.2
2024-04-30,36.9
2024-05-01,39.9
2024-05-02,31.6
2024-05-03,30.6
2024-05-04,21.8
2024-05-05,20.3
2024-05-06,24.1
2024-05-07,25.2
2024-05-08,22.9
2024-05-09,19.5
2024-05-10,20.1
2024-05-11,20.3
2024-05-12,22.0
2024-05-13,24.5
2024-05-14,27.2
2024-05-15,25.3
2024-05-16,20.9
2024-05-17,21.0
2024-05-18,23.2
2024-05-19,18.8
2024-05-20,22.1
2024-05-21,25.2
2024-05-22,23.5
2024-05-23,25.2
2024-05-24,25.3
2024-05-25,31.1
2024-05-26,28.2
2024-05-27,29.3
2024-05-28,34.1
2024-05-29,32.2
2024-05-30,31.7
2024-05-31,29.3
2024-06-01,34.0
2024-06-02,26.3
2024-06-03,23.5
2024-06-04,26.5
2024-06-05,27.5
2024-06-06,25.3
2024-06-07,23.5
2024-06-08,21.8
2024-06-09,22.3
2024-06-10,24.1
2024-06-11,25.1
2024-06-12,24.2
2024-06-13,24.0
2024-06-14,25.1
2024-06-15,25.8
2024-06-16,24.9
2024-06-17,21.9
2024-06-18,20.9
2024-06-19,23.2
2024-06-20,28.6
2024-06-21,33.9
2024-06-22,33.8
2024-06-23,34.5
2024-06-24,34.7
2024-06-25,29.8
2024-06-26,30.5
2024-06-27,30.8
2024-06-28,37.3
2024-06-29,17.9
2024-06-30,17.2
2024-07-01,27.3
2024-07-02,33.1
2024-07-03,31.2
2024-07-04,25.2
2024-07-05,28.3
2024-07-06,34.0
2024-07-07,31.9
2024-07-08,29.2
2024-07-09,30.2
2024-07-10,23.6
2024-07-11,22.0
2024-07-12,19.4
2024-07-13,19.4
2024-07-14,20.9
2024-07-15,23.3
2024-07-16,23.6
2024-07-17,23.7
2024-07-18,22.3
2024-07-19,20.6
2024-07-20,22.5
2024-07-21,26.9
2024-07-22,28.4
2024-07-23,25.9
2024-07-24,30.2
2024-07-25,34.4
2024-07-26,35.9
2024-07-27,34.1
2024-07-28,32.5
2024-07-29,32.7
2024-07-30,29.0
2024-07-31,18.6
2024-08-01,19.4
2024-08-02,18.6
2024-08-03,27.2
2024-08-04,27.5
2024-08-05,26.2
2024-08-06,27.2
2024-08-07,23.0
2024-08-08,20.4
2024-08-09,16.1
2024-08-10,15.1
2024-08-11,14.9
2024-08-12,17.6
2024-08-13,21.0
2024-08-14,16.1
2024-08-15,16.5
2024-08-16,17.7
2024-08-17,18.8
2024-08-18,13.3
2024-08-19,19.3
2024-08-20,19.0
2024-08-21,19.0
2024-08-22,23.3
2024-08-23,24.1
2024-08-24,25.6
2024-08-25,23.6
2024-08-26,24.5
2024-08-27,24.8
2024-08-28,21.2
2024-08-29,28.2
2024-08-30,14.1
2024-08-31,28.9
2024-09-01,24.6
2024-09-02,27.6
2024-09-03,25.3
2024-09-04,24.1
2024-09-05,19.7
2024-09-06,24.9
2024-09-07,23.1
2024-09-08,20.2
2024-09-09,23.1
2024-09-10,28.4
2024-09-11,51.7
2024-09-12,55.0
2024-09-13,40.3
2024-09-14,29.8
2024-09-15,23.0
2024-09-16,24.1
2024-09-17,21.0
2024-09-18,25.9
2024-09-19,25.3
2024-09-20,25.1
2024-09-21,23.5
2024-09-22,21.4
2024-09-23,24.4
2024-09-24,23.1
2024-09-25,22.1
2024-09-26,23.2
2024-09-27,23.3
2024-09-28,22.6
2024-09-29,20.3
2024-09-30,21.5
2024-10-01,19.9
2024-10-02,19.7
2024-10-03,20.4
2024-10-04,19.7
2024-10-05,19.6
2024-10-06,18.0
2024-10-07,33.8
2024-10-08,45.8
2024-10-09,50.7
2024-10-10,47.0
2024-10-11,55.0
2024-10-12,62.6
2024-10-13,61.1
2024-10-14,55.8
2024-10-15,49.4
2024-10-16,37.6
2024-10-17,22.9
2024-10-18,31.8
2024-10-19,41.1
2024-10-20,36.6
2024-10-21,30.8
2024-10-22,39.8
2024-10-23,58.4
2024-10-24,52.3
2024-10-25,32.5
2024-10-26,29.0
2024-10-27,30.7
2024-10-28,41.9
2024-10-29,39.5
2024-10-30,32.7
2024-10-31,45.6
2024-11-01,38.8
2024-11-02,29.0
2024-11-03,27.0
2024-11-04,29.3
2024-11-05,33.2
2024-11-06,37.7
2024-11-07,30.1
2024-11-08,30.9
2024-11-09,28.4
2024-11-10,27.6
2024-11-11,23.5
2024-11-12,24.4
2024-11-13,28.3
2024-11-14,49.2
2024-11-15,70.5
2024-11-16,45.0
2024-11-17,46.4
2024-11-18,89.2
2024-11-19,96.6
2024-11-20,91.7
2024-11-21,73.0
2024-11-22,34.2
2024-11-23,33.3
2024-11-24,40.2
2024-11-25,71.3
2024-11-26,72.3
2024-11-27,44.0
2024-11-28,45.6
2024-11-29,48.5
2024-11-30,92.3
2024-12-01,104.7
2024-12-02,113.1
2024-12-03,103.6
2024-12-04,93.4
2024-12-05,90.5
2024-12-06,78.7
2024-12-07,87.8
2024-12-08,48.2
2024-12-09,53.5
2024-12-10,70.1
2024-12-11,82.2
2024-12-12,52.9
2024-12-13,50.3
2024-12-14,58.8
2024-12-15,74.4
2024-12-16,89.7
2024-12-17,94.5
2024-12-18,53.2
2024-12-19,76.7
2024-12-20,57.3
2024-12-21,76.9
2024-12-22,88.1
2024-12-23,120.6
2024-12-24,115.4
2024-12-25,105.8
2024-12-26,107.9
2024-12-27,94.8
2024-12-28,92.4
2024-12-29,78.0
2024-12-30,91.3
2024-12-31,92.8